{"use_chars": true, "Kb": 28, "Kt": 0, "K4": 0, "K5": 0, "C": 1.0, "bigrams": ["__", "e ", "in", " a", "s ", "n ", "a ", "th", "he", "ng", "g ", " i", "an", " t", "re", "is", " w", "ar", " s", "er", " p", "ma", " o", " m", " b", " c", "le", "on"], "trigrams": [], "fourgrams": [], "fivegrams": [], "char_coef": [[0.04568834433603453, -0.1436310541377582, -0.046434996593688695, 0.061314742903107435, -0.03217995053188041, -0.08620224347165704, 0.055816626187819955, 0.018162192373879494, 0.044197661426846266, 0.06863373556950614, -0.05576140035912075, 0.01250813401441489, -0.03302929604598618, -0.041682062088908955, 0.09000653611818026, -0.005436430601276533, -0.5184199293099402, -0.03948781219069858, 0.08873845384178218, -0.009578586664107889, 0.11187173244041439, -0.10385230520501322, -0.01872544441069368, 0.06260024416314187, -0.05604395789223863, -0.6117682241281186, -0.21939754028964856, -0.24561308506709598], [-0.00749977998744318, -0.18130639426406053, 0.03634138426917739, -0.08593223363051831, -0.01752247497346022, 0.10403576368058472, 0.06372195944147994, 0.07494779601999015, 0.05710051917969222, 0.3008715052383256, 0.03763592551592539, -0.007531178951902332, 0.03230972266322333, -0.060006789122592614, 0.024612704511866017, 0.07113771454342403, 0.33993179186160755, 0.012646154337296623, 0.010448191175582863, 0.012072507945976219, 0.023859797200779614, 0.06309627510147, 0.03687857943770967, 0.22016493798416176, 0.0904811245555589, -0.05723910425800043, 0.05956587292026557, 0.016218118919537314], [-0.03818856434860108, 0.32493744840196237, 0.010093612324489092, 0.02461749072741911, 0.04970242550531491, -0.01783352020893828, -0.11953858562931052, -0.0931099883938613, -0.10129818060651022, -0.3695052408078142, 0.018125474843206302, -0.004976955062515392, 0.0007195733827757465, 0.10168885121154307, -0.11461924063006274, -0.06570128394211323, 0.1784881374483936, 0.026841657853416925, -0.09918664501732329, -0.0024939212818804114, -0.13573152964123666, 0.04075603010347688, -0.018153135027010613, -0.28276518214743457, -0.03443716666335094, 0.6690073283858046, 0.15983166736933918, 0.2293949661475044]], "bigram_coef": [[0.26679880770445974, 0.006761864558750091, -0.1916633290942322, 0.12731014246789826, -0.0930629721065853, -0.017915014245613814, 0.19349195038475683, 0.0398778975892747, -0.21809145270103084, 0.1131042597015405, -0.12105718180372277, 0.31153085253605545, 0.05366824269355976, 0.15021235663309884, 0.23846422124524594, -0.1625915125866653, 0.32805806778378876, -0.0004732307357382282, 0.009745978524286445, 0.3118079904522596, 0.15786267108067228, -0.05855561371100448, 0.4346654834615501, 0.18969764872409078, 0.19779340943475135, -0.003187493517962512, 0.11428607728618351, -0.12055822854699991], [-0.034715957660756545, -0.04569066096882259, 0.08657014636348491, -0.018727429865680958, -0.06396707018864144, -0.07914232092006397, -0.025185540685850036, -0.22569104313759744, 0.31966145921976014, -0.12551509540635686, -0.013024301982100263, -0.22722232840486198, 0.12541735479853008, 0.10726736152903646, -0.023216046898452736, 0.22368728531287027, -0.12128247479531423, 0.10879877381529399, -0.010006147993410574, -0.1240184103913343, -0.08462407734020948, -0.17465627894343017, -0.340627229149011, 0.10322547088616492, 0.06524308573472239, 0.004122045512246467, -0.13471320473549822, 0.23831575618617637], [-0.232082850043689, 0.038928796410080395, 0.1050931827307731, -0.10858271260220906, 0.15703004229512765, 0.09705733516565078, -0.16830640969880323, 0.18581314554834266, -0.10157000651887962, 0.012410835704880463, 0.13408148378581833, -0.08430852413124647, -0.17908559749209269, -0.25747971816216103, -0.21524817434677876, -0.06109577272616348, -0.2067755929885239, -0.10832554307959431, 0.00026016946912427283, -0.1877895800611076, -0.07323859374049507, 0.23321189265445938, -0.0940382543126551, -0.29292311961035744, -0.26303649516958016, -0.0009345519942802233, 0.020427127449339437, -0.11775752763927332]], "trigram_coef": [], "fourgram_coef": [], "fivegram_coef": [], "intercept": [-0.0891580307012996, -0.01036234813378072, 0.0995203788351229], "in_sample_acc": 0.5175}